iter	MAE	RMSE
0	1.038342439	1.423084454
1	1.025983109	1.408370604
2	1.013120949	1.393224453
3	1.003033808	1.378915462
4	0.9921988155	1.364885821
5	0.9817940666	1.350691712
6	0.9711321243	1.337782787
7	0.9613614387	1.32420651
8	0.9520864444	1.310257555
9	0.9479476527	1.304286769
10	0.9386542954	1.29248588
11	0.9297812347	1.28148452
12	0.9202070361	1.268424861
13	0.9115927593	1.257606791
14	0.902699861	1.244925166
15	0.8967521042	1.235697349
16	0.8893042482	1.224733422
17	0.8807192403	1.213406299
18	0.8700847843	1.200667307
19	0.8621310753	1.189757703
20	0.8543538518	1.179593811
21	0.8475059965	1.169769339
22	0.8409520573	1.160487045
23	0.8343891532	1.152337533
24	0.827185663	1.142898362
25	0.822154129	1.13508557
26	0.8166993752	1.127970328
27	0.8105877188	1.120582695
28	0.8050168189	1.114534639
29	0.7987105689	1.107389304
30	0.7928495607	1.099304489
31	0.7869543595	1.091597775
32	0.7805113479	1.082398689
33	0.7747238198	1.074931729
34	0.7676035411	1.066101653
35	0.7629180512	1.059591262
36	0.7585077693	1.052784781
37	0.75413456	1.045917842
38	0.7496838522	1.039209587
39	0.7457007259	1.033942561
40	0.7390344851	1.026106125
41	0.7351235884	1.019894292
42	0.7291684874	1.011229329
43	0.726502618	1.007381897
44	0.7234955753	1.00213655
45	0.7204314006	0.9976580516
46	0.7181144314	0.9936714952
47	0.713397012	0.9869643092
48	0.709725062	0.9820908242
49	0.7068972857	0.9771787216
50	0.7041071327	0.9726386934
51	0.7016087624	0.9684117115
52	0.6980395831	0.9631468591
53	0.6950640923	0.9586860183
54	0.6930458479	0.9550688235
55	0.6902358362	0.9507567229
56	0.6896788792	0.9494312594
57	0.688311353	0.9464909604
58	0.6864501164	0.9434929607
59	0.6840342196	0.9398264431
60	0.6829421551	0.9375189768
61	0.680787147	0.9342445722
62	0.6795316042	0.9316141245
63	0.6775120905	0.9281519962
64	0.6755284455	0.9251584584
65	0.6735806907	0.9221180337
66	0.671452768	0.9189300722
67	0.6708715504	0.9170260107
68	0.6695808678	0.9148914512
69	0.6681305295	0.912236229
70	0.6658082974	0.9092378819
71	0.6631710394	0.9056730968
72	0.6610353916	0.9027167948
73	0.6571545349	0.8981247475
74	0.6554759419	0.8954623316
75	0.6518997595	0.8908609911
76	0.6481287256	0.8864260189
77	0.6463402543	0.8838016837
78	0.6451032755	0.8817779857
79	0.6423739703	0.8784781077
80	0.6402741844	0.8754136993
81	0.6393390456	0.8734203289
82	0.6382093403	0.8712683088
83	0.6367327468	0.868820904
84	0.6337373383	0.865067442
85	0.632460232	0.8629151614
86	0.62948424	0.859513537
87	0.628385675	0.8574128496
88	0.6270435379	0.8552537022
89	0.6266272729	0.8541789026
90	0.6253161938	0.8523276108
91	0.6233358552	0.849361143
92	0.6223387522	0.8471584988
93	0.6213006521	0.8453663925
94	0.618930049	0.8416618585
95	0.617720169	0.8394040496
96	0.6164717372	0.836793037
97	0.6150110892	0.8347259555
98	0.6140695942	0.8330908614
99	0.6138427852	0.8323112725
100	0.6130921632	0.8306956938
101	0.6109379921	0.8278921775
102	0.608734331	0.8250047796
103	0.6080566862	0.8237327866
104	0.6055894861	0.8207036357
105	0.6050191473	0.819582926
106	0.6044126168	0.8184241416
107	0.6038364246	0.8173080115
108	0.6007137635	0.8129352734
109	0.5994622219	0.810956864
110	0.5985241758	0.8091656866
111	0.5973421185	0.8073894579
112	0.5965165582	0.8061129616
113	0.5958109569	0.8049977272
114	0.5953088919	0.8039817143
115	0.5934102402	0.8018912935
116	0.5916766355	0.7993266994
117	0.5905041801	0.7974689215
118	0.5901934753	0.7968203071
119	0.5897835525	0.7961549665
120	0.5890499607	0.7951067845
121	0.5867277385	0.7924926857
122	0.5846437092	0.7900058019
123	0.5837052181	0.7884694095
124	0.5831756192	0.7874102767
125	0.5829458319	0.7867849601
126	0.5822557424	0.7856200351
127	0.5811767905	0.7838533022
128	0.5805607752	0.7827462383
129	0.5798531436	0.7816748683
130	0.5787910463	0.7802956257
131	0.5777386825	0.7784805179
132	0.5769378302	0.7771317552
133	0.5764718091	0.7762457117
134	0.5753836306	0.7744534469
135	0.5728992316	0.7713885073
136	0.5712636229	0.7691801393
137	0.5696260261	0.7665906578
138	0.5688031772	0.765429226
139	0.5675690107	0.7634615217
140	0.565681625	0.7610874427
141	0.5637951527	0.7585320915
142	0.5623909462	0.7569125934
143	0.5622102049	0.7564648508
144	0.5607401267	0.7544340724
145	0.5601273349	0.7532045609
146	0.5585932121	0.7509508504
147	0.557632628	0.7492929568
148	0.5560509273	0.7471363374
149	0.5559690431	0.7468181398
150	0.5554244606	0.746101746
151	0.5535213142	0.7436004874
152	0.553153767	0.7428497106
153	0.5513079288	0.7404634402
154	0.5502385972	0.7392903611
155	0.5500801869	0.7389784337
156	0.5483093142	0.7363114576
157	0.5477299494	0.735528096
158	0.5469470206	0.7341856556
159	0.546805025	0.7338569385
160	0.5467143899	0.7335581959
161	0.5461748724	0.7327082067
162	0.5459546086	0.7323713194
163	0.5439560333	0.7298512409
164	0.5427869036	0.7281800841
165	0.5415359912	0.7262601604
166	0.5413809711	0.72597763
167	0.5397864099	0.7236792631
168	0.539558632	0.7232917107
169	0.5381293775	0.7216222589
170	0.5379688174	0.72130597
171	0.5373410012	0.7201563412
172	0.536199974	0.7186167254
173	0.5350472923	0.7170155407
174	0.5345952219	0.7159435305
175	0.5339219537	0.7151071782
176	0.5333792418	0.7143021099
177	0.5321497234	0.7130137085
178	0.5310806106	0.7115711603
179	0.5304136262	0.7106693757
180	0.5301304679	0.7102533241
181	0.5292364918	0.7093142223
182	0.5285869876	0.7082523057
183	0.528335362	0.7078710434
184	0.5274246812	0.7066287919
185	0.5270155026	0.7060416905
186	0.5258318638	0.7046823605
187	0.5256749294	0.7043430959
188	0.5244422792	0.7027671493
189	0.5235153578	0.701323541
190	0.5228356773	0.7005449133
191	0.5221088067	0.6990551976
192	0.5211761694	0.6979956402
193	0.5208125956	0.6974942544
194	0.5206539463	0.697235713
195	0.5204468935	0.6969344618
196	0.5200869535	0.6964118847
197	0.519380031	0.695652192
198	0.5189207554	0.6951024367
199	0.5172100865	0.6923764953
200	0.5164628594	0.6909195642
201	0.5162240914	0.6905858231
202	0.5154939156	0.6894882988
203	0.5146691307	0.68846163
204	0.5143691835	0.687930155
205	0.5135762029	0.6868106284
206	0.5132546149	0.6863520699
207	0.5120675366	0.6846861845
208	0.5117567558	0.6843666618
209	0.5114974817	0.6840094786
210	0.5113412293	0.6836084499
211	0.5104984701	0.6825097652
212	0.5096873973	0.6814279715
213	0.5091024212	0.6807274964
214	0.5089615114	0.6805212514
215	0.5085061988	0.6798712279
216	0.5077575058	0.6778328478
217	0.5069339528	0.6765590259
218	0.5067812436	0.6754654402
219	0.5057223434	0.6736837227
220	0.5051339651	0.6730343386
221	0.5044041327	0.6718689554
222	0.5034320027	0.6708924715
223	0.5031429403	0.6705646331
224	0.5027561472	0.6699270267
225	0.5019038242	0.6686505278
226	0.5013856474	0.6680273243
227	0.5008051601	0.6672035656
228	0.5005451954	0.6668071158
229	0.5003270027	0.666355396
230	0.5002294458	0.6662220455
231	0.4994054691	0.664749023
232	0.4988602543	0.664190814
233	0.4985885114	0.6638771282
234	0.4982843654	0.6635251962
235	0.4979612133	0.6631292877
236	0.4974460694	0.6623608942
237	0.4967356403	0.6610590591
238	0.4962606507	0.6600481861
239	0.4959477654	0.6596182337
240	0.4956800403	0.659282508
241	0.4953374596	0.6589183168
242	0.4948995756	0.6583619561
243	0.4944798725	0.6576605883
244	0.4939697105	0.6571280672
245	0.493424277	0.6560025583
246	0.4927780589	0.6552752246
247	0.4925408416	0.6549804058
248	0.4922604219	0.654617691
249	0.4920207186	0.6542823423
250	0.4916086606	0.653811245
251	0.4911564158	0.652920482
252	0.4908790322	0.6526485001
253	0.4903189003	0.6515966817
254	0.4900885859	0.6512816574
255	0.4897410586	0.6508555803
256	0.4893852341	0.6504396108
257	0.488872024	0.6500349515
258	0.488327975	0.6490243169
259	0.4876977965	0.648298912
260	0.4870465349	0.6475102569
261	0.4867324156	0.64722467
262	0.4857600937	0.6459948036
263	0.4853593833	0.6455643779
264	0.4847606997	0.6448956439
265	0.4841925343	0.644108124
266	0.4835628726	0.6428519316
267	0.4832471432	0.6425429385
268	0.4829212684	0.6421745576
269	0.4824187191	0.6415085844
270	0.4822147689	0.6412847733
271	0.4819160422	0.6410232159
272	0.4810588305	0.6399017291
273	0.479987143	0.638666506
274	0.4797892851	0.6384665231
275	0.4795387878	0.6382318754
276	0.4789193386	0.6378247614
277	0.4786151041	0.6374701058
278	0.4777085572	0.6364372555
279	0.4772047489	0.6355082054
280	0.4768664547	0.6351477505
281	0.4766578906	0.6348871564
282	0.4764084235	0.6344130864
283	0.4761375743	0.6340852701
284	0.4759441249	0.633878604
285	0.4756880538	0.6336471815
286	0.4754961931	0.6334452648
287	0.4754117959	0.6333482229
288	0.4751243265	0.6331146879
289	0.4742588378	0.6320338423
290	0.4738954931	0.630816052
291	0.4735803315	0.6305139574
292	0.4733614457	0.6302949777
293	0.4728834047	0.6294309886
294	0.4724703086	0.6288615387
295	0.4720075045	0.6284609783
296	0.4714141184	0.6278951649
297	0.4702352251	0.6261174816
298	0.4699684461	0.6258739293
299	0.469728052	0.6256486318
300	0.4686919054	0.6243837936
301	0.4679403233	0.6227404886
302	0.4672246202	0.6217873485
303	0.4668502601	0.6214677807
304	0.4662379941	0.6205339881
305	0.4660513479	0.6203513465
306	0.4656186064	0.6197912779
307	0.4652468307	0.6190501943
308	0.4647367769	0.6185298145
309	0.4643926323	0.6180555726
310	0.4639736085	0.6175288469
311	0.4637206062	0.6173244711
312	0.4635196155	0.6171470837
313	0.4631613325	0.6164483799
314	0.4622909764	0.6147543408
315	0.4621334265	0.6146002672
316	0.4619438966	0.614436321
317	0.4610810664	0.6134049781
318	0.4609228053	0.6132600078
319	0.4601850312	0.6122595499
320	0.4598947817	0.6113269522
321	0.4597782911	0.6112016914
322	0.4591785908	0.6100773349
323	0.4588037193	0.6095931184
324	0.4584483914	0.6091187232
325	0.4583302444	0.6089937065
326	0.4579140647	0.6081698244
327	0.4571504721	0.606846243
328	0.4567937814	0.6058098864
329	0.4563856405	0.6051195769
330	0.4555351392	0.603922913
331	0.4550647274	0.6035819888
332	0.454104211	0.6026182503
333	0.4533288475	0.6013940582
334	0.4524340052	0.6002347701
335	0.4517576678	0.5989801349
336	0.4515826389	0.598806968
337	0.4512583304	0.5984440572
338	0.4504630814	0.5977448805
339	0.4499564346	0.5970399313
340	0.449889126	0.5969710722
341	0.4493868719	0.5963567866
342	0.4488521115	0.5957281958
343	0.4482377859	0.5945838622
344	0.4481550548	0.594509212
345	0.4470259314	0.593199274
346	0.4468807643	0.5930738508
347	0.4459343673	0.5922993556
348	0.4456864307	0.5921086868
349	0.4454214741	0.5918477416
350	0.4450759004	0.5910116419
351	0.4446430107	0.5900305164
352	0.4439978863	0.5886658458
353	0.4431519146	0.5871069908
354	0.4422943131	0.5854971163
355	0.4415221694	0.5842023805
356	0.4413040035	0.5839799869
357	0.4407871487	0.5829707162
358	0.4402439195	0.5821073475
359	0.4400664926	0.5819764446
360	0.4399466349	0.5818790172
361	0.4392976374	0.5806093279
362	0.4385340022	0.57970328
363	0.4381965439	0.5791216078
364	0.4378170179	0.5785703691
365	0.4371359823	0.5777506198
366	0.4366446844	0.5772212329
367	0.4362797957	0.5765394329
368	0.4360334903	0.5763014285
369	0.4357175501	0.576042924
370	0.4351608112	0.5748544624
371	0.4348796898	0.5744683171
372	0.4344835392	0.5739992705
373	0.4341428402	0.5730854058
374	0.4334761045	0.5717648775
375	0.4328497209	0.5709272009
376	0.4322066684	0.5698254022
377	0.4321243316	0.5697411885
378	0.4313554271	0.5686341074
379	0.4311309502	0.5681317588
380	0.430568088	0.5667812405
381	0.4300992517	0.565900535
382	0.4292866229	0.5649438825
383	0.4281463195	0.5635049011
384	0.4278731289	0.5631952121
385	0.4278242038	0.5631602627
386	0.4277377685	0.5630559534
387	0.4275471497	0.5628944913
388	0.4266321645	0.5618063633
389	0.4262940767	0.5613969859
390	0.4260065214	0.5610132753
391	0.4257056712	0.5606253681
392	0.4249474392	0.5596613626
393	0.4247676115	0.5594784169
394	0.4243327319	0.5583906067
395	0.4242674931	0.558332388
396	0.4239345576	0.5573498195
397	0.4237009836	0.5569920064
398	0.4231841777	0.5556280088
399	0.4225496134	0.5546627013
400	0.4222130187	0.5542368794
401	0.4221299382	0.5541741317
402	0.4217662473	0.5537028472
403	0.4212523172	0.5532166805
404	0.4211230168	0.553116734
405	0.4205198363	0.5525191599
406	0.4202747736	0.5522327739
407	0.4199506619	0.5516901219
408	0.4192027392	0.5507532466
409	0.4183358956	0.5499080283
410	0.4174066969	0.5486741613
411	0.4168755935	0.5475542602
412	0.4166047317	0.5470928255
413	0.4162753718	0.5465916163
414	0.4155610135	0.5455298872
415	0.4154549546	0.5454530931
416	0.4153140742	0.5453535867
417	0.4145120979	0.5443106273
418	0.4142684379	0.5441317717
419	0.4139502607	0.5433878993
420	0.4132770546	0.5422873873
421	0.4125085961	0.5411255681
422	0.412203143	0.5401124146
423	0.4116440807	0.5389390205
424	0.4114838208	0.5388034664
425	0.4108173338	0.5380782196
426	0.4107263863	0.5380226645
427	0.4104870717	0.5371822195
428	0.4098181152	0.5359825447
429	0.4097461257	0.5359043686
430	0.4094452598	0.535671273
431	0.4093032305	0.5355726488
432	0.4089408917	0.5350984358
433	0.4083804148	0.5339521715
434	0.408253851	0.5337055509
435	0.4072145836	0.532684567
436	0.4069331731	0.5324634887
437	0.4063355022	0.5316966106
438	0.406244278	0.5315979516
439	0.4057001495	0.5306988246
440	0.4053198522	0.5299804877
441	0.405035959	0.5296334074
442	0.4046926224	0.5292001548
443	0.4044346467	0.5288288503
444	0.4039937379	0.5282588089
445	0.403765847	0.5279452117
446	0.4031560354	0.5269411536
447	0.4030932358	0.5268845792
448	0.4028809414	0.5265153148
449	0.4023107504	0.5259715943
450	0.4017064318	0.524758521
451	0.4014262746	0.5243946035
452	0.4013392558	0.524313285
453	0.4008850373	0.5232408447
454	0.400566822	0.5229177048
455	0.3999527384	0.5218090059
456	0.3994435134	0.5212580015
457	0.3990298397	0.5205688922
458	0.3989814724	0.5205153499
459	0.398904047	0.5204442907
460	0.3981660683	0.5194033113
461	0.3979558249	0.5191798389
462	0.3977541744	0.5188322882
463	0.3976604462	0.5187390722
464	0.3970438984	0.5177988139
465	0.3967705528	0.5174170003
466	0.3963953284	0.5170750725
467	0.3959128356	0.5165693855
468	0.3956517468	0.5160524265
469	0.3949888015	0.5150145313
470	0.3947657477	0.5147274728
471	0.3942955322	0.5140362724
472	0.3938553022	0.5134227555
473	0.3932341229	0.5123501542
474	0.39269171	0.5116666294
475	0.3924067754	0.5111396655
476	0.391899309	0.5101514882
477	0.3912415929	0.5092291004
478	0.3910126732	0.508975228
479	0.3902387031	0.50799301
480	0.3897597834	0.5072202894
481	0.3896467936	0.5070105575
482	0.3896094726	0.5069609022
483	0.3892344345	0.5065683861
484	0.3889203576	0.5059728411
485	0.3884921954	0.5053427364
486	0.3880732765	0.5046107226
487	0.387729945	0.5044156666
488	0.3870937123	0.5034205106
489	0.3868515951	0.5028076631
490	0.3866173352	0.5025646754
491	0.3862868853	0.5021227276
492	0.38567914	0.5013106123
493	0.3852031975	0.5002205487
494	0.3846641555	0.4993618423
495	0.3840715208	0.4985777724
496	0.3838065924	0.4982482233
497	0.3832105257	0.497257484
498	0.3827198848	0.4965036239
499	0.3825232852	0.4961841835
500	0.3820566723	0.4954114707
501	0.3817540174	0.4950073477
502	0.3816428673	0.4947538559
503	0.3815787572	0.494703555
504	0.3811928042	0.4940090827
505	0.3810836776	0.4936127814
506	0.3807870596	0.4932221697
507	0.3800892084	0.4923565775
508	0.3797603451	0.4921738127
509	0.379470247	0.4914519814
510	0.3791359545	0.4906661687
511	0.3785957459	0.4901689257
512	0.378171419	0.4895875529
513	0.3776011442	0.4887647302
514	0.3773802746	0.4883977045
515	0.3769590146	0.4877753052
516	0.3768966982	0.487732039
517	0.3762929386	0.4870370379
518	0.3762421101	0.4870021914
519	0.3759434277	0.4866772251
520	0.3757479335	0.4865026122
521	0.3754106679	0.4859410918
522	0.3748997199	0.4850004659
523	0.3745451392	0.4845766081
524	0.3743752275	0.4842279872
525	0.3741388391	0.4839402904
526	0.3740928178	0.4839062856
527	0.3737465151	0.4835315942
528	0.3733516442	0.4828895024
529	0.372987369	0.482229188
530	0.3724909965	0.481690305
531	0.3719244835	0.4806211178
532	0.3715906616	0.4801633908
533	0.3715135182	0.4801000417
534	0.3714292479	0.4800151707
535	0.3710452242	0.4794191249
536	0.3705440094	0.4786110241
537	0.3703945931	0.4783837995
538	0.3701149157	0.4779164778
539	0.3697492645	0.4772574485
540	0.3693247549	0.4768014789
541	0.3690764737	0.4765567609
542	0.3688156511	0.4763925809
543	0.3683410475	0.4759405207
544	0.367980603	0.4753936925
545	0.367456488	0.4747355822
546	0.3669130576	0.4740729449
547	0.3667231192	0.4737293601
548	0.3662228323	0.4727664724
549	0.3660447486	0.4725218991
550	0.3657460094	0.4721942131
551	0.3654024859	0.4716929632
552	0.3650672801	0.4712206574
553	0.3645702528	0.4703430527
554	0.3642612354	0.4698951257
555	0.3637486802	0.4692349252
556	0.3636735934	0.4691694269
557	0.3635800079	0.4691082675
558	0.3630482556	0.4684637797
559	0.3627972124	0.4681549614
560	0.3626126034	0.4679642192
561	0.3624048545	0.4675786317
562	0.3620749948	0.4672593179
563	0.3619783436	0.466918808
564	0.3617793406	0.4666458889
565	0.3616913124	0.4665934318
566	0.361575906	0.4665205876
567	0.361141453	0.4661608703
568	0.3610352756	0.4660931188
569	0.3609837637	0.4660541167
570	0.3604977603	0.4653233455
571	0.3604140769	0.465264787
572	0.3602390082	0.4649887345
573	0.3599963521	0.4646958394
574	0.3596163339	0.4640471917
575	0.3593259039	0.4637205195
576	0.3591546913	0.4634498807
577	0.3590724784	0.4633983605
578	0.3585899773	0.4628482705
579	0.358444466	0.4627845273
580	0.3583147819	0.462714365
581	0.3577296728	0.4619883702
582	0.3571728695	0.461260345
583	0.3569632531	0.4610609763
584	0.3568144958	0.4608272
585	0.3565311121	0.4604247253
586	0.3559640402	0.4597098682
587	0.3558784767	0.4596674481
588	0.3557066302	0.4594951163
589	0.3553729094	0.4589383361
590	0.3552245457	0.4587097951
591	0.3547357619	0.4581139959
592	0.3545744804	0.4579127758
593	0.3541638859	0.4574348598
594	0.3538755143	0.4571043648
595	0.3536442397	0.4566579748
596	0.3533036165	0.4561275352
597	0.3531416663	0.4558766092
598	0.3529296759	0.4556652575
599	0.3524265975	0.4548662525
600	0.3518794024	0.4541077845
601	0.3514651547	0.4533933758
602	0.3511693179	0.4530924456
603	0.3511146349	0.4530608388
604	0.3509202045	0.4527922184
605	0.3506458965	0.452502323
606	0.3503760826	0.4520798189
607	0.3498081038	0.4512945021
608	0.3494129785	0.4505022116
609	0.348851647	0.4497452648
610	0.3484553717	0.4491887798
611	0.348239332	0.4488791788
612	0.3481091766	0.4487102045
613	0.3475401502	0.4479746216
614	0.3474603634	0.4479110842
615	0.3471817605	0.447383829
616	0.3471236252	0.4473576596
617	0.3464647789	0.4465672095
618	0.3461245946	0.4461235855
619	0.3460564969	0.4460614566
620	0.3458958045	0.4457528941
621	0.3457165204	0.4455653831
622	0.3455512853	0.4453430957
623	0.3453663152	0.4451584308
624	0.3452257592	0.4449626515
625	0.3449081078	0.4444826623
626	0.3448423813	0.4444326364
627	0.3443509558	0.4438070332
628	0.3441322869	0.4433702874
629	0.3434054408	0.4423465638
630	0.3432977482	0.4421601277
631	0.342908545	0.4416451065
632	0.3425736807	0.4411518068
633	0.3423948686	0.4409240577
634	0.3418467782	0.440017387
635	0.3414242499	0.4394920124
636	0.3409551264	0.4387954723
637	0.3404044315	0.4380901064
638	0.3403209843	0.4380298244
639	0.3401275431	0.4378837053
640	0.3400371351	0.4378346684
641	0.3394658295	0.4368653018
642	0.3392179871	0.4366106126
643	0.3390098757	0.4362444583
644	0.3386138926	0.435643543
645	0.3385389633	0.4355382833
646	0.338314934	0.4353653465
647	0.3378507764	0.434454467
648	0.3376073278	0.4340469163
649	0.3374406002	0.4337112425
650	0.337084021	0.4331374274
651	0.3369249529	0.432927865
652	0.336707343	0.4327807939
653	0.3365609159	0.4326068673
654	0.3362528594	0.432124211
655	0.336126807	0.4319139721
656	0.3358464252	0.4315686677
657	0.3355492908	0.4312193503
658	0.335485649	0.4311746467
659	0.335381167	0.4311087905
660	0.3352147641	0.4308228186
661	0.3349810555	0.430454803
662	0.3345239249	0.4297257716
663	0.3344206958	0.429676525
664	0.3341879957	0.4293515436
665	0.3338758447	0.4288822407
666	0.3334737432	0.4282604185
667	0.3332908257	0.4280702766
668	0.3332026524	0.428017826
669	0.3328155569	0.4274069006
670	0.3326591383	0.4272547291
671	0.3325073683	0.4270572384
672	0.3322029618	0.4266931376
673	0.3318635354	0.426240264
674	0.3317401846	0.4260804407
675	0.3315099892	0.4257463609
676	0.3313903465	0.4255404016
677	0.3312168237	0.425338595
678	0.3311501379	0.4252831385
679	0.3308459296	0.4249984193
680	0.3306104713	0.4246021731
681	0.3302733729	0.4240332025
682	0.3298687123	0.4236112549
683	0.329578746	0.4231423767
684	0.3294156955	0.4229373106
685	0.3291245765	0.4226272975
686	0.3287449464	0.4220541137
687	0.32839494	0.4215545788
688	0.3282226368	0.4213608878
689	0.3278738297	0.4208258973
690	0.3273512869	0.4201628732
691	0.3272027364	0.4199375575
692	0.3270065011	0.4198148575
693	0.3268567172	0.419570407
694	0.3266587999	0.4190370751
695	0.326540352	0.4188849335
696	0.326414066	0.4187329411
697	0.3260825197	0.4182128889
698	0.3258745232	0.418078935
699	0.3252349544	0.4173639089
700	0.3244753548	0.4162155314
701	0.3242771543	0.4160252209
702	0.3242392248	0.4159965471
703	0.323671747	0.4153295484
704	0.3234872276	0.4151410935
705	0.3233794007	0.4150739135
706	0.3231195165	0.414775376
707	0.3229335873	0.4145449736
708	0.3225730717	0.4140920167
709	0.3222370536	0.4137031565
710	0.3217975709	0.4132995136
711	0.3216140757	0.4131211568
712	0.3213569815	0.4128285774
713	0.3210731244	0.4123841668
714	0.3210252997	0.4123406141
715	0.3206553505	0.4117898628
716	0.320494671	0.4116004617
717	0.3202801344	0.4113562634
718	0.3201212979	0.4111704119
719	0.3198674556	0.4108836319
720	0.3196170372	0.4106036367
721	0.3194000883	0.4103784557
722	0.3191454081	0.4100193298
723	0.3189548298	0.4097062545
724	0.318771144	0.409525709
725	0.3184943178	0.4090996427
726	0.3182984996	0.4089224586
727	0.3180431579	0.4086211855
728	0.3178270061	0.4082888882
729	0.317515755	0.4078104797
730	0.3172463012	0.407366828
731	0.316806631	0.4069668044
732	0.3165613529	0.4066910567
733	0.316387113	0.4064720623
734	0.3161280212	0.4062047225
735	0.3160317825	0.4061480143
736	0.3159294946	0.4060362242
737	0.3156942631	0.4056999124
738	0.3152902476	0.4051119262
739	0.3152498602	0.4050669524
740	0.3152020611	0.4050261582
741	0.3150718742	0.4049063465
742	0.3149752099	0.4048478969
743	0.3146014146	0.4044007559
744	0.3145024924	0.4043460145
745	0.3143754957	0.4040675394
746	0.3139942265	0.4036302744
747	0.3139620192	0.4036104433
748	0.3135450801	0.403122948
749	0.3133912549	0.4029360747
750	0.3133132563	0.4029056527
751	0.3127923128	0.4022962469
752	0.3122608981	0.4017638775
753	0.312110548	0.4015836399
754	0.3114745151	0.4008823333
755	0.3112103713	0.4005342894
756	0.3110087492	0.4002814147
757	0.3107998945	0.4000996543
758	0.3106158789	0.3998121145
759	0.3104681299	0.399577712
760	0.3102728676	0.3992999985
761	0.3101074458	0.3991775874
762	0.3099458431	0.399022028
763	0.3097061316	0.3987566954
764	0.3095214954	0.3984885342
765	0.3092311383	0.3982212098
766	0.3091490697	0.3981697864
767	0.3090381758	0.3979810807
768	0.3088670901	0.3976863145
769	0.3086913709	0.397520463
770	0.3085070279	0.3973208786
771	0.3081459991	0.3968546511
772	0.3080563205	0.3967232308
773	0.3078413749	0.3964009074
774	0.3076460832	0.3962228904
775	0.3075795156	0.3961773957
776	0.3073380821	0.3958810309
777	0.3072264334	0.395742266
778	0.3068668136	0.3952154349
779	0.306592711	0.3947485808
780	0.30623129	0.3940175387
781	0.3061725547	0.3939828452
782	0.3060684918	0.3938535359
783	0.3058585821	0.3936443796
784	0.305774929	0.3934151617
785	0.3055887549	0.3929791649
786	0.3052747757	0.3924488742
787	0.3051314661	0.3922238089
788	0.3050465473	0.3921409588
789	0.3050140881	0.3920962287
790	0.3049686455	0.3920545343
791	0.3047585128	0.3917638547
792	0.3046282757	0.3915673842
793	0.3044194072	0.3912536689
794	0.3042635829	0.3909368109
795	0.3041522664	0.3907304414
796	0.3039645426	0.3905103281
797	0.3036157086	0.3901106056
798	0.3034905678	0.3900169068
799	0.3032923459	0.3897193453
800	0.30317053	0.3895911592
801	0.302975489	0.3892999176
802	0.3028468017	0.3891493345
803	0.3025387762	0.3887413499
804	0.3022985658	0.3882787796
805	0.3022512875	0.388248327
806	0.3019119562	0.3876428877
807	0.3015618986	0.3873294174
808	0.301480288	0.3872088683
809	0.3010556874	0.3868148893
810	0.3008728431	0.3865606931
811	0.3006453222	0.3863260848
812	0.3005421824	0.3862692869
813	0.3001607739	0.385869425
814	0.299817699	0.3853633006
815	0.2995623172	0.3851029607
816	0.2994037417	0.3849398086
817	0.2993255041	0.3847147457
818	0.2991032744	0.3845501719
819	0.2987322063	0.3841215603
820	0.2986505231	0.3839647548
821	0.2983792458	0.3836126672
822	0.2981903021	0.3833923449
823	0.2980516905	0.3832370293
824	0.2979060431	0.38307241
825	0.2977588386	0.3827950499
826	0.2973403805	0.3821769833
827	0.2971052198	0.3819187217
828	0.2968273268	0.3814905516
829	0.296646063	0.3812697445
830	0.2964265128	0.380932127
831	0.2962863586	0.3808251573
832	0.2962417401	0.3805459516
833	0.2960768091	0.3802854969
834	0.2957753664	0.3798817123
835	0.2957232352	0.3798589048
836	0.295478781	0.3796119414
837	0.2954493904	0.3795668525
838	0.2953102287	0.3794122614
839	0.2952062476	0.3792725303
840	0.2951166733	0.3792277716
841	0.2948133541	0.3789340824
842	0.2944106452	0.3783673743
843	0.2942618647	0.3781594073
844	0.2940067788	0.3778630442
845	0.2937836472	0.3774727067
846	0.2936980581	0.3774248631
847	0.293319149	0.3768925185
848	0.2931604529	0.3766905819
849	0.2926294092	0.3760496295
850	0.2923378165	0.3756934981
851	0.2921667462	0.3754936846
852	0.2918731025	0.3751422828
853	0.2918316964	0.3750977529
854	0.2916836238	0.3748454339
855	0.2916440093	0.3748236761
856	0.2915424658	0.3747045889
857	0.2913331848	0.3744385289
858	0.2913085958	0.3744224485
859	0.2911032847	0.3740549079
860	0.2910152977	0.3739447737
861	0.2907692646	0.373678525
862	0.2903626912	0.3732991266
863	0.2901876607	0.3730383787
864	0.2900025134	0.3727066174
865	0.2899812611	0.3726746828
866	0.2898005452	0.3724708658
867	0.2895340818	0.3721482741
868	0.2893487194	0.3718921665
869	0.2891702095	0.3716928317
870	0.2889917771	0.3715655093
871	0.2886493017	0.3712698186
872	0.2884672345	0.3710217344
873	0.2882961855	0.3707701684
874	0.2879960598	0.3700774604
875	0.2878693109	0.3699248433
876	0.2876930062	0.3697290042
877	0.2875252234	0.3695133723
878	0.2872398887	0.3692401145
879	0.2870831927	0.369039819
880	0.286913956	0.3687932386
881	0.2868386709	0.3686750066
882	0.2867120435	0.3684978787
883	0.2866320268	0.3683601903
884	0.2861076191	0.3675249864
885	0.2859952737	0.3673951933
886	0.2858366292	0.3672395195
887	0.2857113901	0.3671305505
888	0.2853809977	0.366639734
889	0.2852262089	0.3663225448
890	0.2849887189	0.3660887312
891	0.2847961468	0.3658852471
892	0.2845248202	0.365449116
893	0.2842820703	0.3652160489
894	0.2840025545	0.3649743371
895	0.2838374415	0.3647390338
896	0.283281753	0.3638031404
897	0.2831486957	0.3637134764
898	0.2830719965	0.3636431893
899	0.2825602114	0.3629904008
900	0.282424783	0.3629193281
901	0.2822834308	0.3627560564
902	0.2820551224	0.362548592
903	0.281848645	0.3622109313
904	0.2817505506	0.3620039392
905	0.2816262198	0.361823123
906	0.2815246357	0.3617332627
907	0.2812754761	0.3612243279
908	0.2811433178	0.3610810032
909	0.2807370966	0.3605732486
910	0.2806334187	0.3605241078
911	0.2805019253	0.3603702286
912	0.2804182872	0.3602861977
913	0.2800614553	0.3597633759
914	0.2799421922	0.3596109193
915	0.2798179019	0.3593975616
916	0.2794486562	0.3590910743
917	0.2793576159	0.3589527917
918	0.2790889142	0.3585929054
919	0.2790264744	0.358548774
920	0.2789654911	0.3585053969
921	0.2788633487	0.3582974529
922	0.2787730724	0.3581622031
923	0.2786090289	0.357913333
924	0.278377634	0.3574286147
925	0.2781764899	0.3571620148
926	0.278048856	0.357007501
927	0.2779476894	0.3568652716
928	0.2778916671	0.3568210095
929	0.2776653455	0.3565982557
930	0.2774568549	0.3563784269
931	0.2771973196	0.356043129
932	0.2770798472	0.3558811332
933	0.2766114981	0.355053267
934	0.2765040481	0.354710182
935	0.2764037855	0.3545612262
936	0.2763274872	0.3544467585
937	0.2761949645	0.3542747107
938	0.2760041208	0.3540783086
939	0.2758928468	0.3539487122
940	0.2757136522	0.3537019694
941	0.2756079666	0.3535828856
942	0.2755582497	0.3535473262
943	0.275531307	0.3535278819
944	0.2754910537	0.3534962267
945	0.2754305011	0.3533686975
946	0.2753930151	0.3533424354
947	0.2753392347	0.3533106745
948	0.2752038826	0.353057801
949	0.2748278243	0.3524596372
950	0.2746360372	0.3521085348
951	0.2745805135	0.3520837782
952	0.274191726	0.3517133191
953	0.273841149	0.3513021877
954	0.273672007	0.3510960359
955	0.2734914283	0.3508443325
956	0.2733229777	0.3507496999
957	0.2730754975	0.3504052865
958	0.2730094322	0.3502426014
959	0.2727459124	0.3499401516
960	0.2726581322	0.3498916356
961	0.2724444237	0.3495931948
962	0.272310826	0.3493503534
963	0.2722225873	0.3493071658
964	0.2719411603	0.3488138956
965	0.2718613729	0.348699191
966	0.2716052952	0.3482911133
967	0.2715353255	0.3482530324
968	0.2712914089	0.3478883625
969	0.2712427993	0.3478618603
970	0.2710746598	0.3476157317
971	0.270829064	0.3472800964
972	0.2706951176	0.3470942231
973	0.270621522	0.3470109745
974	0.2705689413	0.3469781946
975	0.2703659333	0.3466060879
976	0.2702283359	0.3464884164
977	0.2698871788	0.3461507136
978	0.2697916257	0.3460875176
979	0.2697529498	0.3460710113
980	0.2693823767	0.3456503177
981	0.2692197588	0.3454999039
982	0.2689829721	0.3451504389
983	0.2689286092	0.3450846055
984	0.2687058181	0.3447684
985	0.2684472326	0.3445183546
986	0.2683282067	0.3442928742
987	0.2682090923	0.3440637553
988	0.2680645841	0.3439553859
989	0.267883033	0.3436294946
990	0.2677944524	0.3434355685
991	0.2676984701	0.3432931792
992	0.2675602519	0.3430974964
993	0.2674720328	0.3430422103
994	0.2673965737	0.3430080113
995	0.26736741	0.3429931295
996	0.2672570384	0.3428780728
997	0.267076302	0.3426761626
998	0.2669583323	0.3424673843
999	0.2668008639	0.3422972507
